election_id_1;election_id_2;distance;time
all_0;all_1;1;0
all_0;all_2;1;0
all_0;all_3;2;0
all_0;all_4;2;0
all_0;all_5;3;0
all_0;all_6;1;0
all_0;all_7;1;0
all_0;all_8;2;0
all_0;all_9;3;0
all_0;all_10;2;0
all_0;all_11;3;0
all_0;all_12;1;0
all_0;all_13;2;0
all_0;all_14;1;0
all_0;all_15;2;0
all_0;all_16;3;0
all_0;all_17;3;0
all_0;all_18;2;0
all_0;all_19;3;0
all_0;all_20;2;0
all_0;all_21;2;0
all_0;all_22;4;0
all_0;all_23;3;0
all_0;all_24;2;0
all_0;all_25;2;0
all_0;all_26;3;0
all_0;all_27;4;0
all_0;all_28;2;0
all_0;all_29;3;0
all_0;all_30;3;0
all_0;all_31;3;0
all_0;all_32;3;0
all_0;all_33;3;0
all_0;all_34;3;0
all_0;all_35;3;0
all_1;all_2;2;0
all_1;all_3;2;0
all_1;all_4;1;0
all_1;all_5;2;0
all_1;all_6;0;0
all_1;all_7;0;0
all_1;all_8;1;0
all_1;all_9;2;0
all_1;all_10;1;0
all_1;all_11;2;0
all_1;all_12;2;0
all_1;all_13;1;0
all_1;all_14;2;0
all_1;all_15;1;0
all_1;all_16;2;0
all_1;all_17;2;0
all_1;all_18;2;0
all_1;all_19;2;0
all_1;all_20;1;0
all_1;all_21;1;0
all_1;all_22;3;0
all_1;all_23;2;0
all_1;all_24;1;0
all_1;all_25;1;0
all_1;all_26;2;0
all_1;all_27;3;0
all_1;all_28;2;0
all_1;all_29;2;0
all_1;all_30;2;0
all_1;all_31;2;0
all_1;all_32;2;0
all_1;all_33;2;0
all_1;all_34;2;0
all_1;all_35;2;0
all_2;all_3;1;0
all_2;all_4;2;0
all_2;all_5;2;0
all_2;all_6;2;0
all_2;all_7;2;0
all_2;all_8;1;0
all_2;all_9;2;0
all_2;all_10;1;0
all_2;all_11;2;0
all_2;all_12;0;0
all_2;all_13;1;0
all_2;all_14;0;0
all_2;all_15;1;0
all_2;all_16;2;0
all_2;all_17;2;0
all_2;all_18;1;0
all_2;all_19;2;0
all_2;all_20;1;0
all_2;all_21;2;0
all_2;all_22;3;0
all_2;all_23;2;0
all_2;all_24;2;0
all_2;all_25;1;0
all_2;all_26;2;0
all_2;all_27;3;0
all_2;all_28;1;0
all_2;all_29;2;0
all_2;all_30;2;0
all_2;all_31;2;0
all_2;all_32;2;0
all_2;all_33;2;0
all_2;all_34;2;0
all_2;all_35;2;0
all_3;all_4;2;0
all_3;all_5;1;0
all_3;all_6;2;0
all_3;all_7;2;0
all_3;all_8;1;0
all_3;all_9;1;0
all_3;all_10;1;0
all_3;all_11;1;0
all_3;all_12;1;0
all_3;all_13;1;0
all_3;all_14;1;0
all_3;all_15;1;0
all_3;all_16;2;0
all_3;all_17;2;0
all_3;all_18;0;0
all_3;all_19;1;0
all_3;all_20;1;0
all_3;all_21;2;0
all_3;all_22;2;0
all_3;all_23;2;0
all_3;all_24;2;0
all_3;all_25;1;0
all_3;all_26;2;0
all_3;all_27;2;0
all_3;all_28;0;0
all_3;all_29;1;0
all_3;all_30;1;0
all_3;all_31;1;0
all_3;all_32;2;0
all_3;all_33;2;0
all_3;all_34;1;0
all_3;all_35;1;0
all_4;all_5;1;0
all_4;all_6;1;0
all_4;all_7;1;0
all_4;all_8;1;0
all_4;all_9;2;0
all_4;all_10;1;0
all_4;all_11;2;0
all_4;all_12;2;0
all_4;all_13;1;0
all_4;all_14;2;0
all_4;all_15;1;0
all_4;all_16;1;0
all_4;all_17;1;0
all_4;all_18;2;0
all_4;all_19;2;0
all_4;all_20;1;0
all_4;all_21;0;0
all_4;all_22;2;0
all_4;all_23;1;0
all_4;all_24;0;0
all_4;all_25;1;0
all_4;all_26;1;0
all_4;all_27;2;0
all_4;all_28;2;0
all_4;all_29;2;0
all_4;all_30;1;0
all_4;all_31;2;0
all_4;all_32;1;0
all_4;all_33;1;0
all_4;all_34;2;0
all_4;all_35;1;0
all_5;all_6;2;0
all_5;all_7;2;0
all_5;all_8;2;0
all_5;all_9;1;0
all_5;all_10;2;0
all_5;all_11;1;0
all_5;all_12;2;0
all_5;all_13;2;0
all_5;all_14;2;0
all_5;all_15;2;0
all_5;all_16;1;0
all_5;all_17;1;0
all_5;all_18;1;0
all_5;all_19;1;0
all_5;all_20;2;0
all_5;all_21;1;0
all_5;all_22;2;0
all_5;all_23;1;0
all_5;all_24;1;0
all_5;all_25;2;0
all_5;all_26;1;0
all_5;all_27;2;0
all_5;all_28;1;0
all_5;all_29;1;0
all_5;all_30;0;0
all_5;all_31;1;0
all_5;all_32;1;0
all_5;all_33;1;0
all_5;all_34;1;0
all_5;all_35;0;0
all_6;all_7;0;0
all_6;all_8;1;0
all_6;all_9;2;0
all_6;all_10;1;0
all_6;all_11;2;0
all_6;all_12;2;0
all_6;all_13;1;0
all_6;all_14;2;0
all_6;all_15;1;0
all_6;all_16;2;0
all_6;all_17;2;0
all_6;all_18;2;0
all_6;all_19;2;0
all_6;all_20;1;0
all_6;all_21;1;0
all_6;all_22;3;0
all_6;all_23;2;0
all_6;all_24;1;0
all_6;all_25;1;0
all_6;all_26;2;0
all_6;all_27;3;0
all_6;all_28;2;0
all_6;all_29;2;0
all_6;all_30;2;0
all_6;all_31;2;0
all_6;all_32;2;0
all_6;all_33;2;0
all_6;all_34;2;0
all_6;all_35;2;0
all_7;all_8;1;0
all_7;all_9;2;0
all_7;all_10;1;0
all_7;all_11;2;0
all_7;all_12;2;0
all_7;all_13;1;0
all_7;all_14;2;0
all_7;all_15;1;0
all_7;all_16;2;0
all_7;all_17;2;0
all_7;all_18;2;0
all_7;all_19;2;0
all_7;all_20;1;0
all_7;all_21;1;0
all_7;all_22;3;0
all_7;all_23;2;0
all_7;all_24;1;0
all_7;all_25;1;0
all_7;all_26;2;0
all_7;all_27;3;0
all_7;all_28;2;0
all_7;all_29;2;0
all_7;all_30;2;0
all_7;all_31;2;0
all_7;all_32;2;0
all_7;all_33;2;0
all_7;all_34;2;0
all_7;all_35;2;0
all_8;all_9;1;0
all_8;all_10;0;0
all_8;all_11;1;0
all_8;all_12;1;0
all_8;all_13;0;0
all_8;all_14;1;0
all_8;all_15;0;0
all_8;all_16;1;0
all_8;all_17;1;0
all_8;all_18;1;0
all_8;all_19;1;0
all_8;all_20;0;0
all_8;all_21;1;0
all_8;all_22;2;0
all_8;all_23;1;0
all_8;all_24;1;0
all_8;all_25;0;0
all_8;all_26;1;0
all_8;all_27;2;0
all_8;all_28;1;0
all_8;all_29;1;0
all_8;all_30;2;0
all_8;all_31;1;0
all_8;all_32;1;0
all_8;all_33;1;0
all_8;all_34;1;0
all_8;all_35;2;0
all_9;all_10;1;0
all_9;all_11;0;0
all_9;all_12;2;0
all_9;all_13;1;0
all_9;all_14;2;0
all_9;all_15;1;0
all_9;all_16;2;0
all_9;all_17;2;0
all_9;all_18;1;0
all_9;all_19;0;0
all_9;all_20;1;0
all_9;all_21;2;0
all_9;all_22;1;0
all_9;all_23;2;0
all_9;all_24;2;0
all_9;all_25;1;0
all_9;all_26;2;0
all_9;all_27;1;0
all_9;all_28;1;0
all_9;all_29;0;0
all_9;all_30;1;0
all_9;all_31;0;0
all_9;all_32;2;0
all_9;all_33;2;0
all_9;all_34;0;0
all_9;all_35;1;0
all_10;all_11;1;0
all_10;all_12;1;0
all_10;all_13;0;0
all_10;all_14;1;0
all_10;all_15;0;0
all_10;all_16;1;0
all_10;all_17;1;0
all_10;all_18;1;0
all_10;all_19;1;0
all_10;all_20;0;0
all_10;all_21;1;0
all_10;all_22;2;0
all_10;all_23;1;0
all_10;all_24;1;0
all_10;all_25;0;0
all_10;all_26;1;0
all_10;all_27;2;0
all_10;all_28;1;0
all_10;all_29;1;0
all_10;all_30;2;0
all_10;all_31;1;0
all_10;all_32;1;0
all_10;all_33;1;0
all_10;all_34;1;0
all_10;all_35;2;0
all_11;all_12;2;0
all_11;all_13;1;0
all_11;all_14;2;0
all_11;all_15;1;0
all_11;all_16;2;0
all_11;all_17;2;0
all_11;all_18;1;0
all_11;all_19;0;0
all_11;all_20;1;0
all_11;all_21;2;0
all_11;all_22;1;0
all_11;all_23;2;0
all_11;all_24;2;0
all_11;all_25;1;0
all_11;all_26;2;0
all_11;all_27;1;0
all_11;all_28;1;0
all_11;all_29;0;0
all_11;all_30;1;0
all_11;all_31;0;0
all_11;all_32;2;0
all_11;all_33;2;0
all_11;all_34;0;0
all_11;all_35;1;0
all_12;all_13;1;0
all_12;all_14;0;0
all_12;all_15;1;0
all_12;all_16;2;0
all_12;all_17;2;0
all_12;all_18;1;0
all_12;all_19;2;0
all_12;all_20;1;0
all_12;all_21;2;0
all_12;all_22;3;0
all_12;all_23;2;0
all_12;all_24;2;0
all_12;all_25;1;0
all_12;all_26;2;0
all_12;all_27;3;0
all_12;all_28;1;0
all_12;all_29;2;0
all_12;all_30;2;0
all_12;all_31;2;0
all_12;all_32;2;0
all_12;all_33;2;0
all_12;all_34;2;0
all_12;all_35;2;0
all_13;all_14;1;0
all_13;all_15;0;0
all_13;all_16;1;0
all_13;all_17;1;0
all_13;all_18;1;0
all_13;all_19;1;0
all_13;all_20;0;0
all_13;all_21;1;0
all_13;all_22;2;0
all_13;all_23;1;0
all_13;all_24;1;0
all_13;all_25;0;0
all_13;all_26;1;0
all_13;all_27;2;0
all_13;all_28;1;0
all_13;all_29;1;0
all_13;all_30;2;0
all_13;all_31;1;0
all_13;all_32;1;0
all_13;all_33;1;0
all_13;all_34;1;0
all_13;all_35;2;0
all_14;all_15;1;0
all_14;all_16;2;0
all_14;all_17;2;0
all_14;all_18;1;0
all_14;all_19;2;0
all_14;all_20;1;0
all_14;all_21;2;0
all_14;all_22;3;0
all_14;all_23;2;0
all_14;all_24;2;0
all_14;all_25;1;0
all_14;all_26;2;0
all_14;all_27;3;0
all_14;all_28;1;0
all_14;all_29;2;0
all_14;all_30;2;0
all_14;all_31;2;0
all_14;all_32;2;0
all_14;all_33;2;0
all_14;all_34;2;0
all_14;all_35;2;0
all_15;all_16;1;0
all_15;all_17;1;0
all_15;all_18;1;0
all_15;all_19;1;0
all_15;all_20;0;0
all_15;all_21;1;0
all_15;all_22;2;0
all_15;all_23;1;0
all_15;all_24;1;0
all_15;all_25;0;0
all_15;all_26;1;0
all_15;all_27;2;0
all_15;all_28;1;0
all_15;all_29;1;0
all_15;all_30;2;0
all_15;all_31;1;0
all_15;all_32;1;0
all_15;all_33;1;0
all_15;all_34;1;0
all_15;all_35;2;0
all_16;all_17;0;0
all_16;all_18;2;0
all_16;all_19;2;0
all_16;all_20;1;0
all_16;all_21;1;0
all_16;all_22;1;0
all_16;all_23;0;0
all_16;all_24;1;0
all_16;all_25;1;0
all_16;all_26;0;0
all_16;all_27;1;0
all_16;all_28;2;0
all_16;all_29;2;0
all_16;all_30;1;0
all_16;all_31;2;0
all_16;all_32;0;0
all_16;all_33;0;0
all_16;all_34;2;0
all_16;all_35;1;0
all_17;all_18;2;0
all_17;all_19;2;0
all_17;all_20;1;0
all_17;all_21;1;0
all_17;all_22;1;0
all_17;all_23;0;0
all_17;all_24;1;0
all_17;all_25;1;0
all_17;all_26;0;0
all_17;all_27;1;0
all_17;all_28;2;0
all_17;all_29;2;0
all_17;all_30;1;0
all_17;all_31;2;0
all_17;all_32;0;0
all_17;all_33;0;0
all_17;all_34;2;0
all_17;all_35;1;0
all_18;all_19;1;0
all_18;all_20;1;0
all_18;all_21;2;0
all_18;all_22;2;0
all_18;all_23;2;0
all_18;all_24;2;0
all_18;all_25;1;0
all_18;all_26;2;0
all_18;all_27;2;0
all_18;all_28;0;0
all_18;all_29;1;0
all_18;all_30;1;0
all_18;all_31;1;0
all_18;all_32;2;0
all_18;all_33;2;0
all_18;all_34;1;0
all_18;all_35;1;0
all_19;all_20;1;0
all_19;all_21;2;0
all_19;all_22;1;0
all_19;all_23;2;0
all_19;all_24;2;0
all_19;all_25;1;0
all_19;all_26;2;0
all_19;all_27;1;0
all_19;all_28;1;0
all_19;all_29;0;0
all_19;all_30;1;0
all_19;all_31;0;0
all_19;all_32;2;0
all_19;all_33;2;0
all_19;all_34;0;0
all_19;all_35;1;0
all_20;all_21;1;0
all_20;all_22;2;0
all_20;all_23;1;0
all_20;all_24;1;0
all_20;all_25;0;0
all_20;all_26;1;0
all_20;all_27;2;0
all_20;all_28;1;0
all_20;all_29;1;0
all_20;all_30;2;0
all_20;all_31;1;0
all_20;all_32;1;0
all_20;all_33;1;0
all_20;all_34;1;0
all_20;all_35;2;0
all_21;all_22;2;0
all_21;all_23;1;0
all_21;all_24;0;0
all_21;all_25;1;0
all_21;all_26;1;0
all_21;all_27;2;0
all_21;all_28;2;0
all_21;all_29;2;0
all_21;all_30;1;0
all_21;all_31;2;0
all_21;all_32;1;0
all_21;all_33;1;0
all_21;all_34;2;0
all_21;all_35;1;0
all_22;all_23;1;0
all_22;all_24;2;0
all_22;all_25;2;0
all_22;all_26;1;0
all_22;all_27;0;0
all_22;all_28;2;0
all_22;all_29;1;0
all_22;all_30;2;0
all_22;all_31;1;0
all_22;all_32;1;0
all_22;all_33;1;0
all_22;all_34;1;0
all_22;all_35;2;0
all_23;all_24;1;0
all_23;all_25;1;0
all_23;all_26;0;0
all_23;all_27;1;0
all_23;all_28;2;0
all_23;all_29;2;0
all_23;all_30;1;0
all_23;all_31;2;0
all_23;all_32;0;0
all_23;all_33;0;0
all_23;all_34;2;0
all_23;all_35;1;0
all_24;all_25;1;0
all_24;all_26;1;0
all_24;all_27;2;0
all_24;all_28;2;0
all_24;all_29;2;0
all_24;all_30;1;0
all_24;all_31;2;0
all_24;all_32;1;0
all_24;all_33;1;0
all_24;all_34;2;0
all_24;all_35;1;0
all_25;all_26;1;0
all_25;all_27;2;0
all_25;all_28;1;0
all_25;all_29;1;0
all_25;all_30;2;0
all_25;all_31;1;0
all_25;all_32;1;0
all_25;all_33;1;0
all_25;all_34;1;0
all_25;all_35;2;0
all_26;all_27;1;0
all_26;all_28;2;0
all_26;all_29;2;0
all_26;all_30;1;0
all_26;all_31;2;0
all_26;all_32;0;0
all_26;all_33;0;0
all_26;all_34;2;0
all_26;all_35;1;0
all_27;all_28;2;0
all_27;all_29;1;0
all_27;all_30;2;0
all_27;all_31;1;0
all_27;all_32;1;0
all_27;all_33;1;0
all_27;all_34;1;0
all_27;all_35;2;0
all_28;all_29;1;0
all_28;all_30;1;0
all_28;all_31;1;0
all_28;all_32;2;0
all_28;all_33;2;0
all_28;all_34;1;0
all_28;all_35;1;0
all_29;all_30;1;0
all_29;all_31;0;0
all_29;all_32;2;0
all_29;all_33;2;0
all_29;all_34;0;0
all_29;all_35;1;0
all_30;all_31;1;0
all_30;all_32;1;0
all_30;all_33;1;0
all_30;all_34;1;0
all_30;all_35;0;0
all_31;all_32;2;0
all_31;all_33;2;0
all_31;all_34;0;0
all_31;all_35;1;0
all_32;all_33;0;0
all_32;all_34;2;0
all_32;all_35;1;0
all_33;all_34;2;0
all_33;all_35;1;0
all_34;all_35;1;0
